Site,Compartment,N_Samples
1,Soil_1m,6
1,Soil_p,6
1,Root,6
1,Leaf_EN,6
1,Leaf_EP,6
1,Fruit_EN,6
1,Fruit_EP,6
2,Soil_1m,10
2,Soil_p,10
2,Root,10
2,Leaf_EN,10
2,Leaf_EP,10
2,Fruit_EN,10
2,Fruit_EP,10
3,Soil_1m,6
3,Soil_p,6
3,Root,6
3,Leaf_EN,6
3,Leaf_EP,6
3,Fruit_EN,6
3,Fruit_EP,6
4,Soil_1m,8
4,Soil_p,8
4,Root,8
4,Leaf_EN,8
4,Leaf_EP,8
4,Fruit_EN,8
4,Fruit_EP,8
5,Soil_1m,6
5,Soil_p,6
5,Root,6
5,Leaf_EN,6
5,Leaf_EP,6
5,Fruit_EN,6
5,Fruit_EP,6
