Sample_Index,NMDS1,NMDS2,Site,Plant,Plant_ID,Compartment
9,-0.4267787673206945,-0.4949628401649057,1,1,1_1,Root
13,0.0021463434134124226,-0.10945440986895236,1,1,1_1,Soil_p
23,-0.041290162965145344,-0.06294390306956497,1,2,1_2,Root
25,0.2546455697626671,-0.22430915489374345,1,2,1_2,Soil_1m
27,0.045124545362890525,-0.06257517514299318,1,2,1_2,Soil_p
37,-0.2090917742290608,-0.028642195402940062,1,3,1_3,Root
39,0.13172551245090267,-0.15802930294323117,1,3,1_3,Soil_1m
41,0.1736056499810162,-0.11300436853265591,1,3,1_3,Soil_p
51,-0.43397876133242835,0.08544026096845966,1,4,1_4,Root
53,0.1840794412958173,-0.19841230275166544,1,4,1_4,Soil_1m
55,-0.08268274852004769,0.009010207467796754,1,4,1_4,Soil_p
65,-0.08060312333393363,-0.04104105975490964,1,5,1_5,Root
67,0.26018887700501064,-0.22574875739413738,1,5,1_5,Soil_1m
69,-0.1404280300921063,-1.6313936928069082,1,5,1_5,Soil_p
79,-0.10289611000185503,-0.013825693771658144,1,6,1_6,Root
81,0.1981935015442295,-0.16252452442550866,1,6,1_6,Soil_1m
83,0.012411942612489712,-0.024448006942178076,1,6,1_6,Soil_p
93,-0.03304662433448476,-0.6329089739872563,1,7,1_7,Root
95,0.04013316758965682,-0.210961177556844,1,7,1_7,Soil_1m
97,-0.26773961419129355,-0.13400902974446743,1,7,1_7,Soil_p
107,-0.0239535594117763,0.024437456628275636,1,8,1_8,Root
109,0.07782473391678744,-0.09042610174522986,1,8,1_8,Soil_1m
111,0.08677684234695046,0.019921643784016126,1,8,1_8,Soil_p
121,-0.1135820511499263,0.014637694681178886,1,9,1_9,Root
123,-0.3741060029346687,0.12039685124182936,1,9,1_9,Soil_1m
125,0.030121176677531752,0.006719344367347384,1,9,1_9,Soil_p
135,-0.837237505593477,0.8063803767952592,1,10,1_10,Root
137,0.18361697617971717,-0.1215937149886403,1,10,1_10,Soil_1m
139,0.21094399525633845,-0.11704574006899333,1,10,1_10,Soil_p
149,-0.30142634944460023,-0.09747650399263398,2,1,2_1,Root
151,0.17057413599662957,-0.32310228318542117,2,1,2_1,Soil_1m
153,-0.026187660415021418,-0.012838922920325967,2,1,2_1,Soil_p
163,-0.28176970575323224,0.12625469083094745,2,2,2_2,Root
165,0.28398068304271934,-0.1224525500667569,2,2,2_2,Soil_1m
167,0.27135380238513324,-0.12901844747707902,2,2,2_2,Soil_p
177,-0.29400809875581146,0.06862086859370276,2,3,2_3,Root
179,0.2421703857772271,-0.11766960033272737,2,3,2_3,Soil_1m
181,0.0735042758700578,-0.25773343860054987,2,3,2_3,Soil_p
191,-0.2689892231890582,-0.01396506178982739,2,4,2_4,Root
193,0.12706206089808544,-0.02834412569536904,2,4,2_4,Soil_1m
195,0.03235790844349975,-0.01129654999731044,2,4,2_4,Soil_p
205,-0.25804711845569633,0.02651539799700376,2,5,2_5,Root
207,-0.07650068743491412,-0.1801276123948742,2,5,2_5,Soil_1m
209,0.07881171372456873,0.05311633757599051,2,5,2_5,Soil_p
219,-0.12510847114915608,-0.014413004734559389,2,6,2_6,Root
221,0.10405591783377907,-0.049954036714404695,2,6,2_6,Soil_1m
223,-0.12890788954268184,-0.05974975021255319,2,6,2_6,Soil_p
233,-0.348076960130971,0.04701719191747728,2,7,2_7,Root
235,0.40345707153484556,-0.08533674323625098,2,7,2_7,Soil_1m
237,-0.17195861041282168,0.005935638773641655,2,7,2_7,Soil_p
247,-0.21188616209856811,-0.05000595712263519,2,8,2_8,Root
249,0.3207969182734473,-0.019160193474601128,2,8,2_8,Soil_1m
251,-0.03151101482444703,-0.05449104674937048,2,8,2_8,Soil_p
261,-0.013430004749154343,-0.04985324060266037,2,9,2_9,Root
263,0.28336883437557214,-0.06164258762332313,2,9,2_9,Soil_1m
265,0.056302121852401694,-0.031702770160061296,2,9,2_9,Soil_p
275,-0.3333975922145514,0.00887396193524218,2,10,2_10,Root
277,0.1303817600292713,-0.18570889515844285,2,10,2_10,Soil_1m
279,0.05013415627439784,0.05413470179784366,2,10,2_10,Soil_p
289,0.23680609490194657,-1.089092871635187,3,1,3_1,Root
291,0.2619180528427619,-0.017495225023855573,3,1,3_1,Soil_1m
293,-0.007467471863500523,0.05096756626621715,3,1,3_1,Soil_p
303,-0.23237027476310407,-0.3685998123735386,3,2,3_2,Root
305,-0.07087806697247989,0.05726680366757346,3,2,3_2,Soil_1m
307,0.0697547142178441,0.11412563675590238,3,2,3_2,Soil_p
317,-0.0064847351475847085,0.06564269687038025,3,3,3_3,Root
319,0.22894640439867456,0.23470426163944239,3,3,3_3,Soil_1m
321,0.04561594606972054,0.08480403522865398,3,3,3_3,Soil_p
331,-0.30646685256838224,0.2979070653097056,3,4,3_4,Root
333,0.15368033104000156,0.2696781829526909,3,4,3_4,Soil_1m
335,0.18564103250809277,0.40068212927511215,3,4,3_4,Soil_p
345,-0.16294968114968417,0.17859923136596711,3,5,3_5,Root
347,0.07272096570755761,0.1774775722262071,3,5,3_5,Soil_1m
349,0.02363255265911134,0.3274106386273683,3,5,3_5,Soil_p
359,-0.11981963824304506,-0.21419787205604512,3,6,3_6,Root
361,0.0716819087804269,-0.1459509309357341,3,6,3_6,Soil_1m
363,0.06391748024430388,-0.07346045637665655,3,6,3_6,Soil_p
373,-0.19826222897699264,0.131066649803551,3,7,3_7,Root
375,0.06053469475097161,-0.2528960024395955,3,7,3_7,Soil_1m
377,0.06308128938428877,0.03659763578452679,3,7,3_7,Soil_p
387,-0.46853918150664425,0.039390542208873336,3,8,3_8,Root
389,0.11320857499443115,-0.09328315424013606,3,8,3_8,Soil_1m
391,0.5379124110500068,-0.22596120982174883,3,8,3_8,Soil_p
401,-0.05227757696369669,-0.06498861315091832,3,9,3_9,Root
403,0.08721122214338566,-0.1738860732991366,3,9,3_9,Soil_1m
405,0.26705687928041977,-0.19693946899985104,3,9,3_9,Soil_p
415,-0.0935587048568334,-0.017818410539203054,3,10,3_10,Root
417,0.016284431036240953,-0.09795405357159419,3,10,3_10,Soil_1m
419,0.18639522105854686,-0.032113283274780295,3,10,3_10,Soil_p
429,-1.0860147470945212,-1.163139414531825,4,1,4_1,Root
431,0.31351823556799785,-0.18354344198438205,4,1,4_1,Soil_1m
433,0.3262967801039929,0.07886758544284797,4,1,4_1,Soil_p
443,-0.5714381844892579,0.37775995770645765,4,2,4_2,Root
445,0.5028974848729602,-0.088723564112758585,4,2,4_2,Soil_1m
447,0.11328114857104862,0.14378683877555024,4,2,4_2,Soil_p
457,-0.09976739435772994,0.11724983510695096,4,3,4_3,Root
459,0.4904563865911281,-0.15505497408771798,4,3,4_3,Soil_1m
461,0.5963843445175604,0.023902331781831584,4,3,4_3,Soil_p
471,-0.58705739942417,0.1704486499466281,4,4,4_4,Root
473,0.2714694607160171,0.050664113315728114,4,4,4_4,Soil_1m
475,-0.5583124400503663,-0.010375880919897959,4,4,4_4,Soil_p
485,-0.8275352304032798,0.15204705242844208,4,5,4_5,Root
487,0.2777577411619136,0.031960095271006524,4,5,4_5,Soil_1m
489,0.2434466800692185,-0.3546353224369148,4,5,4_5,Soil_p
499,-0.1718471385505582,-0.13005829726913368,4,6,4_6,Root
501,0.5116561296227916,0.0565130290237002,4,6,4_6,Soil_1m
503,0.73861258242179,-0.12497253479864502,4,6,4_6,Soil_p
513,-0.07320396058164813,0.3383568554140496,4,7,4_7,Root
515,0.9903994264638859,0.258483286787009,4,7,4_7,Soil_1m
517,0.9452937951986898,-0.0541258019463515,4,7,4_7,Soil_p
527,-0.1285993032190672,0.30582373565979787,4,8,4_8,Root
529,0.5194262538443473,0.06964571453783354,4,8,4_8,Soil_1m
531,1.054787668224224,0.04752954903959038,4,8,4_8,Soil_p
541,-0.7456945287636809,0.4251660135759073,4,9,4_9,Root
543,0.4432806904052166,0.05828719701506017,4,9,4_9,Soil_1m
545,0.6534228590584383,-0.06068140401268879,4,9,4_9,Soil_p
555,-0.7853667012949885,0.2672096751725861,4,10,4_10,Root
557,0.7106182682666238,0.8665989826566863,4,10,4_10,Soil_1m
559,0.22037954237869192,-0.30441470860892594,4,10,4_10,Soil_p
569,-0.06789074459454518,0.27290036546275487,5,1,5_1,Root
571,0.17017959913243175,0.023022831848420775,5,1,5_1,Soil_1m
573,0.08950732310288788,0.1363064444660886,5,1,5_1,Soil_p
583,-0.5606029192474331,1.0660247307767325,5,2,5_2,Root
585,-0.1062191427987341,0.15345254025635144,5,2,5_2,Soil_1m
587,-0.13701325975496154,0.39314540896973105,5,2,5_2,Soil_p
597,-0.775435018069006,-0.3531370659831142,5,3,5_3,Root
599,-1.184887638323758,-0.5023089885978931,5,3,5_3,Soil_1m
601,-0.17629697883891457,0.2826182649829279,5,3,5_3,Soil_p
611,-0.8333676333913766,-0.10187163617257987,5,4,5_4,Root
613,-0.16060102128985124,0.2373635196424937,5,4,5_4,Soil_1m
615,-0.37591088553404023,0.3960499942896283,5,4,5_4,Soil_p
625,-0.04664459433943537,0.28746092880223895,5,5,5_5,Root
627,0.20687739502978406,0.1387455231477942,5,5,5_5,Soil_1m
629,0.15637307169747955,0.22146920670535833,5,5,5_5,Soil_p
639,-0.08233650481094767,0.20091296516009202,5,6,5_6,Root
641,0.035749775331471216,0.19360703878217694,5,6,5_6,Soil_1m
643,0.04686454234449692,0.14152607507082937,5,6,5_6,Soil_p
653,0.05507940095550185,0.10666219572367562,5,7,5_7,Root
655,-0.3361737818000845,-0.4365420402300651,5,7,5_7,Soil_1m
657,0.10041879451250003,0.0980275669045455,5,7,5_7,Soil_p
667,0.02491310355930737,0.3104130490292632,5,8,5_8,Root
669,0.04486667136479653,0.2762916670052146,5,8,5_8,Soil_1m
671,0.24437346959677766,0.38586885488323514,5,8,5_8,Soil_p
681,-0.10044029261593584,0.094563083163092,5,9,5_9,Root
683,0.11774859188437971,0.1981936540897516,5,9,5_9,Soil_1m
685,0.05746403512076035,0.22491359951094989,5,9,5_9,Soil_p
695,-0.41008124159955583,0.16934348035537844,5,10,5_10,Root
697,0.1668152613968619,0.02877049052580587,5,10,5_10,Soil_1m
699,0.03996674036961937,0.08083871007961625,5,10,5_10,Soil_p
